{"cameraMode":{"drawMode":0,"name":"Shaded","section":"Shading Mode"},"sceneLighting":false,"audioPlay":false,"sceneViewState":{"m_AlwaysRefresh":false,"showFog":true,"showSkybox":true,"showFlares":true,"showImageEffects":true,"showParticleSystems":true,"showVisualEffectGraphs":true,"m_FxEnabled":false},"in2DMode":false,"pivot":{"x":275.39727783203127,"y":128.55381774902345,"z":-210.31683349609376},"rotation":{"x":-0.016158536076545717,"y":0.9838199615478516,"z":-0.12943224608898164,"w":-0.12282171845436096},"size":347.5147399902344,"orthographic":false}